Date,Lai
7/4/2002,22.496
7/8/2002,17.791
7/12/2002,23.285
7/16/2002,13.047
7/20/2002,10.903
7/24/2002,20.781
7/28/2002,20.716
8/5/2002,15.885
8/9/2002,11.109
8/13/2002,7.466
8/17/2002,13.492
8/21/2002,5.589
8/25/2002,25.434
8/29/2002,15.057
9/2/2002,20.374
9/6/2002,25.386
9/10/2002,
9/14/2002,22.217
9/18/2002,28.024
9/22/2002,22.83
9/26/2002,18.5
9/30/2002,25.944
10/4/2002,24.555
10/8/2002,21.868
10/12/2002,17.471
10/16/2002,18.431
10/20/2002,21.027
10/24/2002,19.895
10/28/2002,20.487
11/1/2002,16.6
11/5/2002,17.75
11/9/2002,16.538
11/13/2002,20.759
11/17/2002,16.074
11/21/2002,15.108
11/25/2002,14.217
11/29/2002,12.367
12/3/2002,11.216
12/7/2002,11.871
12/11/2002,12.176
12/15/2002,10.945
12/19/2002,10.483
12/23/2002,10.207
12/27/2002,11.236
12/31/2002,10.789
1/1/2003,11.114
1/5/2003,11.036
1/9/2003,11.403
1/13/2003,10.686
1/17/2003,11.2
1/21/2003,10.669
1/25/2003,10.65
1/29/2003,10.752
2/2/2003,10.765
2/6/2003,13.292
2/10/2003,16.796
2/14/2003,11.994
2/18/2003,16.494
2/22/2003,14.364
2/26/2003,17.114
3/2/2003,12.951
3/6/2003,15.736
3/10/2003,13.252
3/14/2003,12.681
3/18/2003,13.956
3/22/2003,11.019
3/26/2003,12.552
3/30/2003,14.151
4/3/2003,12.923
4/7/2003,13.908
4/11/2003,11.56
4/15/2003,11
4/19/2003,12.166
4/23/2003,14.247
4/27/2003,10.566
5/1/2003,8.345
5/5/2003,11.626
5/9/2003,12.953
5/13/2003,12.3
5/17/2003,14.348
5/21/2003,12.861
5/25/2003,16.305
5/29/2003,10.825
6/2/2003,9.552
6/6/2003,11.252
6/10/2003,11.532
6/14/2003,12.572
6/18/2003,8.732
6/22/2003,7.103
6/26/2003,1
6/30/2003,15.923
7/4/2003,13.428
7/8/2003,21.799
7/12/2003,12.786
7/16/2003,6.547
7/20/2003,18.706
7/24/2003,28.397
7/28/2003,17.669
8/1/2003,10.489
8/5/2003,25.629
8/9/2003,17.307
8/13/2003,20.168
8/17/2003,3.682
8/21/2003,17.022
8/25/2003,19.812
8/29/2003,8.924
9/2/2003,11.934
9/6/2003,15.42
9/10/2003,19.224
9/14/2003,15.742
9/18/2003,10.495
9/22/2003,4.781
9/26/2003,33.07
9/30/2003,28.084
10/4/2003,30.465
10/8/2003,31.309
10/12/2003,22.917
10/16/2003,24.382
10/20/2003,20.019
10/24/2003,16.781
10/28/2003,19.727
11/1/2003,20.22
11/5/2003,18.574
11/9/2003,19.651
11/13/2003,16.457
11/17/2003,20.774
11/21/2003,16.532
11/25/2003,12.791
11/29/2003,14.485
12/3/2003,12.819
12/7/2003,11.614
12/11/2003,11.967
12/15/2003,11.351
12/23/2003,10.962
12/27/2003,8.26
12/31/2003,11.443
1/1/2004,11.378
1/5/2004,11.705
1/9/2004,10.834
1/13/2004,11.262
1/17/2004,9.947
1/21/2004,8.618
1/25/2004,10.757
1/29/2004,11.08
2/2/2004,14.61
2/6/2004,10.003
2/10/2004,13.536
2/14/2004,15.227
2/18/2004,14.212
2/22/2004,17.202
2/26/2004,13.082
3/1/2004,14.591
3/5/2004,12.449
3/9/2004,16.054
3/13/2004,11.534
3/17/2004,13.179
3/21/2004,11.38
3/25/2004,11.043
3/29/2004,10.998
4/2/2004,11.446
4/6/2004,10.268
4/10/2004,12.596
4/14/2004,9.074
4/18/2004,8.915
4/22/2004,7.975
4/26/2004,8.605
4/30/2004,10.696
5/4/2004,13.872
5/8/2004,10.899
5/12/2004,14.623
5/16/2004,11.977
5/20/2004,11.112
5/24/2004,10.624
5/28/2004,12.869
6/1/2004,15.723
6/5/2004,17.843
6/9/2004,13.938
6/13/2004,13.12
6/17/2004,5.2
6/21/2004,21.706
6/25/2004,17.007
6/29/2004,18.634
7/3/2004,6.583
7/7/2004,13.075
7/11/2004,13.688
7/15/2004,20.012
7/19/2004,18.054
7/23/2004,10.71
7/27/2004,6.145
7/31/2004,13.835
8/4/2004,14.973
8/8/2004,5.084
8/12/2004,6.624
8/16/2004,13.751
8/20/2004,16.358
8/24/2004,24.213
8/28/2004,12.416
9/1/2004,22.701
9/5/2004,26.81
9/9/2004,33.315
9/13/2004,8.091
9/17/2004,21.021
9/21/2004,11.703
9/25/2004,21.382
9/29/2004,18.163
10/3/2004,9.346
10/7/2004,20.704
10/11/2004,24.688
10/15/2004,22.158
10/19/2004,21.671
10/23/2004,19.79
10/27/2004,19.932
10/31/2004,19.874
11/4/2004,20.57
11/8/2004,18.078
11/12/2004,18.013
11/16/2004,18.006
11/20/2004,12.448
11/24/2004,9.669
11/28/2004,13.703
12/2/2004,13.145
12/6/2004,11.673
12/10/2004,11.944
12/14/2004,12.349
12/18/2004,10.857
12/22/2004,10.458
12/26/2004,11.115
12/30/2004,9.749
1/1/2005,11.209
1/5/2005,11.488
1/9/2005,10.494
1/13/2005,10.994
1/17/2005,11.013
1/21/2005,6.914
1/25/2005,12.325
1/29/2005,10.536
2/2/2005,12.093
2/6/2005,11.217
2/10/2005,11.803
2/14/2005,12.788
2/18/2005,13.475
2/22/2005,17.056
2/26/2005,12.062
3/2/2005,14.182
3/6/2005,14.099
3/10/2005,12.192
3/14/2005,15.321
3/18/2005,14.155
3/22/2005,15.47
3/26/2005,15.053
3/30/2005,14.054
4/3/2005,13.898
4/7/2005,11.772
4/11/2005,13.289
4/15/2005,11.645
4/19/2005,10.663
4/23/2005,11.488
4/27/2005,9.227
5/1/2005,12.594
5/5/2005,10.905
5/9/2005,13.491
5/13/2005,14.293
5/17/2005,12.346
5/21/2005,12.853
5/25/2005,12.488
5/29/2005,13.739
6/2/2005,12.089
6/6/2005,12.771
6/10/2005,11.15
6/14/2005,11.349
6/18/2005,12.301
6/22/2005,5.374
6/26/2005,7.17
6/30/2005,5.882
7/4/2005,6.778
7/8/2005,10.364
7/12/2005,4.284
7/16/2005,6.596
7/20/2005,3.893
7/24/2005,13.933
7/28/2005,13.031
8/1/2005,14.127
8/5/2005,15.617
8/9/2005,17.837
8/13/2005,17.739
8/17/2005,22.535
8/21/2005,9.763
8/25/2005,23.885
8/29/2005,31.568
9/2/2005,10.594
9/6/2005,32.289
9/10/2005,29.367
9/14/2005,8.594
9/18/2005,21.84
9/22/2005,6.292
9/26/2005,18.964
9/30/2005,22.288
10/4/2005,12.032
10/8/2005,25.711
10/12/2005,26.414
10/16/2005,24.765
10/20/2005,17.151
10/24/2005,18.598
10/28/2005,19.719
11/1/2005,21.548
11/5/2005,22.296
11/9/2005,18.948
11/13/2005,21.425
11/17/2005,19.025
11/21/2005,13.994
11/25/2005,16.644
11/29/2005,13.407
12/3/2005,13.293
12/7/2005,12.323
12/11/2005,11.844
12/15/2005,12.123
12/19/2005,11.58
12/23/2005,9.183
12/27/2005,10.688
12/31/2005,11.431
1/1/2006,11.558
1/5/2006,10.937
1/9/2006,10.423
1/13/2006,10.599
1/17/2006,11.265
1/21/2006,10.703
1/25/2006,9.659
1/29/2006,12.63
2/2/2006,11.503
2/6/2006,11.889
2/10/2006,13.853
2/14/2006,12.574
2/18/2006,15.573
2/22/2006,11.951
2/26/2006,13.614
3/2/2006,11.556
3/6/2006,12.687
3/10/2006,9.635
3/14/2006,13.452
3/18/2006,13.298
3/22/2006,14.267
3/26/2006,13.809
3/30/2006,14.032
4/3/2006,12.414
4/7/2006,12.324
4/11/2006,13.353
4/15/2006,9.831
4/19/2006,12.976
4/23/2006,11.702
4/27/2006,12.008
5/1/2006,12.86
5/5/2006,10.681
5/9/2006,8.528
5/13/2006,12.122
5/17/2006,8.278
5/21/2006,8.162
5/25/2006,10.528
5/29/2006,15.907
6/2/2006,13.632
6/6/2006,15.782
6/10/2006,22.107
6/14/2006,17.511
6/18/2006,18.979
6/22/2006,9.518
6/26/2006,2.116
6/30/2006,11.077
7/4/2006,10.703
7/8/2006,
7/12/2006,4.128
7/16/2006,6.35
7/20/2006,13.818
7/24/2006,10.583
7/28/2006,31.371
8/1/2006,29.265
8/5/2006,18.948
8/9/2006,28.346
8/13/2006,25.881
8/17/2006,31.142
8/21/2006,21.355
8/25/2006,2
8/29/2006,6.437
9/2/2006,22.423
9/6/2006,15.301
9/10/2006,22.583
9/14/2006,29.061
9/18/2006,30.83
9/22/2006,21.687
9/26/2006,25.4
9/30/2006,29.973
10/4/2006,24.881
10/8/2006,16.942
10/12/2006,20.549
10/16/2006,15.161
10/20/2006,18.461
10/24/2006,23.729
10/28/2006,18.212
11/1/2006,17.019
11/5/2006,17.646
11/9/2006,16.539
11/13/2006,16.812
11/17/2006,16.801
11/21/2006,17.043
11/25/2006,12.454
11/29/2006,11.58
12/3/2006,11.849
12/7/2006,11.546
12/11/2006,12.108
12/15/2006,11.121
12/19/2006,10.646
12/23/2006,11.687
12/27/2006,10.953
12/31/2006,10.888
1/1/2007,10.815
1/5/2007,11.138
1/9/2007,8.241
1/13/2007,11.326
1/17/2007,10.414
1/21/2007,11.047
1/25/2007,9.73
1/29/2007,11.965
2/2/2007,11.404
2/6/2007,8.375
2/10/2007,11.975
2/14/2007,13.556
2/18/2007,13.53
2/22/2007,15.404
2/26/2007,12.887
3/2/2007,15.047
3/6/2007,13.099
3/10/2007,11.994
3/14/2007,13.955
3/18/2007,13.084
3/22/2007,14.367
3/26/2007,15.264
3/30/2007,13.813
4/3/2007,16.305
4/7/2007,12.927
4/11/2007,12.808
4/15/2007,6.577
4/19/2007,14.147
4/23/2007,13.51
4/27/2007,15.85
5/1/2007,11.632
5/5/2007,5.295
5/9/2007,14.694
5/13/2007,13.635
5/17/2007,11.643
5/21/2007,21.828
5/25/2007,16.327
5/29/2007,21.07
6/2/2007,16.17
6/6/2007,13.524
6/10/2007,2.306
6/14/2007,18.802
6/18/2007,17.388
6/22/2007,16.726
6/26/2007,16.34
6/30/2007,12.878
7/4/2007,13.051
7/8/2007,20.551
7/12/2007,11.311
7/16/2007,25
7/20/2007,1.254
7/24/2007,1.926
7/28/2007,21.136
8/1/2007,23.376
8/5/2007,12.917
8/9/2007,19.772
8/13/2007,11.638
8/17/2007,19.248
8/21/2007,16.975
8/25/2007,19.869
8/29/2007,14.862
9/2/2007,20.744
9/6/2007,16.702
9/10/2007,33.144
9/14/2007,24.021
9/18/2007,24.132
9/22/2007,30.283
9/26/2007,3.864
9/30/2007,30.872
10/4/2007,27.012
10/8/2007,17.268
10/12/2007,19.462
10/16/2007,13.976
10/20/2007,21.899
10/24/2007,22.499
10/28/2007,17.069
11/1/2007,18.613
11/5/2007,19.738
11/9/2007,21.583
11/13/2007,20.761
11/17/2007,17.414
11/21/2007,14.263
11/25/2007,16.098
11/29/2007,12.645
12/3/2007,11.758
12/7/2007,10.17
12/11/2007,11.568
12/15/2007,11.291
12/19/2007,11.284
12/23/2007,11.739
12/27/2007,11.53
12/31/2007,10.584
1/1/2008,10.834
1/5/2008,9.522
1/9/2008,10.795
1/13/2008,11.106
1/17/2008,9.61
1/21/2008,8.279
1/25/2008,12.036
1/29/2008,13.449
2/2/2008,11.052
2/6/2008,14.368
2/10/2008,10.484
2/14/2008,13.612
2/18/2008,13.304
2/22/2008,13.892
2/26/2008,11.705
3/1/2008,12.873
3/5/2008,13.63
3/9/2008,11.363
3/13/2008,12.931
3/17/2008,12.152
3/21/2008,12.244
3/25/2008,10.402
3/29/2008,7.161
4/2/2008,9.995
4/6/2008,12.48
4/10/2008,10.652
4/14/2008,11.379
4/18/2008,11.918
4/22/2008,12.751
4/26/2008,11.992
4/30/2008,11.547
5/4/2008,10.52
5/8/2008,11.172
5/12/2008,11.009
5/16/2008,7.253
5/20/2008,6.996
5/24/2008,13.943
5/28/2008,14.633
6/1/2008,11.877
6/5/2008,10.947
6/9/2008,13.676
6/13/2008,7.86
6/17/2008,3.611
6/21/2008,10.798
6/25/2008,4.393
6/29/2008,
7/3/2008,11.542
7/7/2008,15.414
7/11/2008,18.42
7/15/2008,4.423
7/19/2008,1.214
7/23/2008,5.41
7/27/2008,9.638
7/31/2008,14.616
8/4/2008,8.129
8/8/2008,20.885
8/12/2008,4.19
8/16/2008,1.894
8/20/2008,9.389
8/24/2008,13.761
8/28/2008,32.086
9/1/2008,27.489
9/5/2008,29.975
9/9/2008,15.285
9/13/2008,33.397
9/17/2008,9.332
9/21/2008,22.317
9/25/2008,32.422
9/29/2008,28.765
10/3/2008,11.983
10/7/2008,23.117
10/11/2008,21.512
10/15/2008,21.933
10/19/2008,20.617
10/23/2008,19.123
10/27/2008,19.099
10/31/2008,21.107
11/4/2008,19.2
11/8/2008,19.319
11/12/2008,16.261
11/16/2008,23.387
11/20/2008,15.351
11/24/2008,13.503
11/28/2008,12.603
12/2/2008,12.429
12/6/2008,11.302
12/10/2008,10.935
12/14/2008,12.137
12/18/2008,10.102
12/22/2008,10.896
12/26/2008,10.346
12/30/2008,10.752
1/1/2009,10.921
1/5/2009,10.283
1/9/2009,11.042
1/13/2009,9.077
1/17/2009,12.96
1/21/2009,8.19
1/25/2009,10.272
1/29/2009,12.6
2/2/2009,11.941
2/6/2009,11.726
2/10/2009,12.337
2/14/2009,12.313
2/18/2009,15.327
2/22/2009,11.327
2/26/2009,14.17
3/2/2009,10.901
3/6/2009,11.801
3/10/2009,10.542
3/14/2009,11.271
3/18/2009,10.945
3/22/2009,11.909
3/26/2009,12.065
3/30/2009,11.084
4/3/2009,11.035
4/7/2009,11.638
4/11/2009,10.446
4/15/2009,11.617
4/19/2009,9.733
4/23/2009,11.951
4/27/2009,9.302
5/1/2009,9.722
5/5/2009,10.495
5/9/2009,9.844
5/13/2009,9.018
5/17/2009,4.446
5/21/2009,12.713
5/25/2009,14.777
5/29/2009,13.763
6/2/2009,11.373
6/6/2009,14.865
6/10/2009,20.776
6/14/2009,16.114
6/18/2009,14.738
6/22/2009,17.067
6/26/2009,8.244
6/30/2009,11.901
7/4/2009,15.723
7/8/2009,17.082
7/12/2009,19.215
7/16/2009,5.364
7/20/2009,20.248
7/24/2009,12.293
7/28/2009,13.403
8/1/2009,7.209
8/5/2009,10.387
8/9/2009,15.334
8/13/2009,11.531
8/17/2009,15.827
8/21/2009,23.981
8/25/2009,7.981
8/29/2009,28.579
9/2/2009,11.29
9/6/2009,6.691
9/10/2009,11.583
9/14/2009,30.728
9/18/2009,24.839
9/22/2009,9.611
9/26/2009,32.052
9/30/2009,30.275
10/4/2009,4.631
10/8/2009,29.364
10/12/2009,24.383
10/16/2009,25.226
10/20/2009,21.608
10/24/2009,24.755
10/28/2009,21.176
11/1/2009,21.5
11/5/2009,19.643
11/9/2009,15.62
11/13/2009,20.673
11/17/2009,17.655
11/21/2009,17.519
11/25/2009,14.55
11/29/2009,13.639
12/3/2009,12.92
12/7/2009,11.894
12/11/2009,12.053
12/15/2009,11.843
12/19/2009,13.24
12/23/2009,11.872
12/27/2009,11.067
12/31/2009,12.24
1/1/2010,12.26
1/5/2010,11.034
1/9/2010,11.531
1/13/2010,11.004
1/17/2010,11.114
1/21/2010,11.35
1/25/2010,11.464
1/29/2010,12.462
2/2/2010,14.264
2/6/2010,11.379
2/10/2010,12.875
2/14/2010,16.284
2/18/2010,14.986
2/22/2010,10.979
2/26/2010,14.089
3/2/2010,15.887
3/6/2010,14.61
3/10/2010,16.098
3/14/2010,12.095
3/18/2010,14.406
3/22/2010,12.896
3/26/2010,12.061
3/30/2010,11.694
4/3/2010,12.848
4/7/2010,10.461
4/11/2010,11.342
4/15/2010,10.242
4/19/2010,10.043
4/23/2010,10.128
4/27/2010,12.5
5/1/2010,11.527
5/5/2010,13.471
5/9/2010,12.568
5/13/2010,11.972
5/17/2010,12.066
5/21/2010,11.899
5/25/2010,12.407
5/29/2010,16.077
6/2/2010,10.931
6/6/2010,14.166
6/10/2010,12.842
6/14/2010,13.79
6/18/2010,11.854
6/22/2010,11.918
6/26/2010,13.998
6/30/2010,8.819
7/4/2010,10.314
7/8/2010,3.796
7/12/2010,9.507
7/16/2010,2.202
7/20/2010,8.206
7/24/2010,6.121
7/28/2010,11.103
8/1/2010,14.262
8/5/2010,12.063
8/9/2010,23.036
8/13/2010,4.818
8/17/2010,12.086
8/21/2010,13.022
8/25/2010,17.738
8/29/2010,12.259
9/2/2010,3.226
9/6/2010,25.464
9/10/2010,17.644
9/14/2010,2.363
9/18/2010,13.566
9/22/2010,25.257
9/26/2010,34.786
9/30/2010,29.829
10/4/2010,28.455
10/8/2010,21.293
10/12/2010,26.509
10/16/2010,11.658
10/20/2010,15.471
10/24/2010,19.542
10/28/2010,22.636
11/1/2010,19.329
11/5/2010,22.112
11/9/2010,18.011
11/13/2010,17.656
11/17/2010,18.911
11/21/2010,10.284
11/25/2010,13.943
11/29/2010,12.923
12/3/2010,12.693
12/7/2010,11.981
12/11/2010,11.78
12/15/2010,12.139
12/19/2010,11.929
12/23/2010,11.266
12/27/2010,10.862
12/31/2010,11.304
1/1/2011,11.309
1/5/2011,11.643
1/9/2011,11.122
1/13/2011,10.532
1/17/2011,10.905
1/21/2011,11.019
1/25/2011,11.896
1/29/2011,10.841
2/2/2011,10.602
2/6/2011,13.655
2/10/2011,14.887
2/14/2011,14
2/18/2011,13.371
2/22/2011,13.049
2/26/2011,13.073
3/2/2011,13.897
3/6/2011,12.883
3/10/2011,13.627
3/14/2011,14.292
3/18/2011,10.299
3/22/2011,12.652
3/26/2011,11.59
3/30/2011,13.326
4/3/2011,11.558
4/7/2011,11.553
4/11/2011,11.37
4/15/2011,13.14
4/19/2011,12.26
4/23/2011,10.093
4/27/2011,9.911
5/1/2011,12.939
5/5/2011,11.257
5/9/2011,13.467
5/13/2011,12.015
5/17/2011,10.433
5/21/2011,11.786
5/25/2011,14.766
5/29/2011,14.544
6/2/2011,17.111
6/6/2011,12.216
6/10/2011,18.011
6/14/2011,8.375
6/18/2011,17.121
6/22/2011,10.908
6/26/2011,3.569
6/30/2011,18.68
7/4/2011,8.994
7/8/2011,14.334
7/12/2011,16.198
7/16/2011,17.538
7/20/2011,10.802
7/24/2011,2.977
7/28/2011,31.203
8/1/2011,10.398
8/5/2011,14.544
8/9/2011,15.146
8/13/2011,22.985
8/17/2011,11.686
8/21/2011,28.052
8/25/2011,24.676
8/29/2011,27.437
9/2/2011,24.368
9/6/2011,13.84
9/10/2011,20.544
9/14/2011,16.723
9/18/2011,24.311
9/22/2011,20.15
9/26/2011,27.81
9/30/2011,31.459
10/4/2011,29.574
10/8/2011,24.893
10/12/2011,23.973
10/16/2011,21.744
10/20/2011,22.249
10/24/2011,19.519
10/28/2011,19.312
11/1/2011,17.723
11/5/2011,19.06
11/9/2011,19.517
11/13/2011,16.064
11/17/2011,14.605
11/21/2011,16.015
11/25/2011,15.879
11/29/2011,11.992
12/3/2011,11.132
12/7/2011,11.492
12/11/2011,11.728
12/15/2011,11.126
12/19/2011,10.891
12/23/2011,10.462
12/27/2011,10.589
12/31/2011,9.193
1/1/2012,8.225
1/5/2012,11.354
1/9/2012,8.484
1/13/2012,10.138
1/17/2012,9.524
1/21/2012,11.591
1/25/2012,10.33
1/29/2012,12.201
2/2/2012,10.801
2/6/2012,12.925
2/10/2012,12.931
2/14/2012,10.684
2/18/2012,14.926
2/22/2012,14.707
2/26/2012,14.743
3/1/2012,11.023
3/5/2012,10.311
3/9/2012,11.595
3/13/2012,17.132
3/17/2012,12.297
3/21/2012,13.633
3/25/2012,11.564
3/29/2012,10.864
4/2/2012,9.795
4/6/2012,12.968
4/10/2012,11.533
4/14/2012,11.314
4/18/2012,12.242
4/22/2012,12.962
4/26/2012,12.54
4/30/2012,12.065
5/4/2012,12.978
5/8/2012,10.567
5/12/2012,12.351
5/16/2012,12.011
5/20/2012,11.962
5/24/2012,12.793
5/28/2012,10.514
6/1/2012,11.856
6/5/2012,12.337
6/9/2012,12.366
6/13/2012,10.916
6/17/2012,5.143
6/21/2012,4.501
6/25/2012,11.741
6/29/2012,4.53
7/3/2012,
7/7/2012,9.337
7/11/2012,10.17
7/15/2012,8.362
7/19/2012,14.797
7/23/2012,1.866
7/27/2012,7.433
7/31/2012,7.77
8/4/2012,17.928
8/8/2012,33.462
8/12/2012,20.832
8/16/2012,13.331
8/20/2012,5.213
8/24/2012,26.907
8/28/2012,16.637
9/1/2012,21.964
9/5/2012,29.256
9/9/2012,26.257
9/13/2012,7.514
9/17/2012,20.115
9/21/2012,22.504
9/25/2012,26.252
9/29/2012,30.205
10/3/2012,29.893
10/7/2012,27.998
10/11/2012,24.334
10/15/2012,25.409
10/19/2012,24.423
10/23/2012,21.637
10/27/2012,18.489
10/31/2012,17.879
11/4/2012,22.088
11/8/2012,17.456
11/12/2012,16.677
11/16/2012,21.143
11/20/2012,18.223
11/24/2012,13.556
11/28/2012,12.359
12/2/2012,12.547
12/6/2012,12.304
12/10/2012,11.439
12/14/2012,11.495
12/18/2012,11.276
12/22/2012,12.349
12/26/2012,11.021
12/30/2012,10.417
1/1/2013,10.935
1/5/2013,12.275
1/9/2013,11.045
1/13/2013,10.954
1/17/2013,6.605
1/21/2013,12.383
1/25/2013,10.219
1/29/2013,10.636
2/2/2013,5.401
2/6/2013,10.886
2/10/2013,13.977
2/14/2013,7.056
2/18/2013,14.367
2/22/2013,15.34
2/26/2013,16.574
3/2/2013,18.002
3/6/2013,14.252
3/10/2013,16.666
3/14/2013,14.123
3/18/2013,18.211
3/22/2013,15.295
3/26/2013,16.325
3/30/2013,14.89
4/3/2013,17.579
4/7/2013,13.82
4/11/2013,13.59
4/15/2013,11.845
4/19/2013,7.876
4/23/2013,11.919
4/27/2013,15.84
5/1/2013,11.078
5/5/2013,16.424
5/9/2013,12.277
5/13/2013,16.904
5/17/2013,12.155
5/21/2013,9.805
5/25/2013,10.779
5/29/2013,12.133
6/2/2013,6.325
6/6/2013,12.477
6/10/2013,14.709
6/14/2013,9.149
6/18/2013,7.726
6/22/2013,4.392
6/26/2013,12.537
6/30/2013,16.831
7/4/2013,1
7/8/2013,9.521
7/12/2013,15.662
7/16/2013,13.747
7/20/2013,17.282
7/24/2013,14.598
7/28/2013,9.403
8/1/2013,38.921
8/5/2013,9.639
8/9/2013,10.629
8/13/2013,18.752
8/17/2013,8.566
8/21/2013,21.687
8/25/2013,12.072
8/29/2013,12.058
9/2/2013,31.771
9/6/2013,16.792
9/10/2013,27.211
9/14/2013,32.698
9/18/2013,32.077
9/22/2013,20.583
9/26/2013,22.243
9/30/2013,9.518
10/4/2013,17.976
10/8/2013,23.861
10/12/2013,21.867
10/16/2013,17.521
10/20/2013,27.098
10/24/2013,23.62
10/28/2013,23.922
11/1/2013,20.469
11/5/2013,20.967
11/9/2013,24.574
11/13/2013,20.808
11/17/2013,18.896
11/21/2013,15.503
11/25/2013,18.033
11/29/2013,14.176
12/3/2013,12.701
12/7/2013,12.83
12/11/2013,13.373
12/15/2013,11.444
12/19/2013,11.574
12/23/2013,12.195
12/27/2013,11.799
12/31/2013,11.893
1/1/2014,12.026
1/5/2014,11.75
1/9/2014,10.739
1/13/2014,11.098
1/17/2014,10.938
1/21/2014,7.692
1/25/2014,12.878
1/29/2014,11.313
2/2/2014,12.65
2/6/2014,16.044
2/10/2014,11.711
2/14/2014,7.966
2/18/2014,16.192
2/22/2014,13.946
2/26/2014,9.892
3/2/2014,13.916
3/6/2014,15.337
3/10/2014,14.641
3/14/2014,15.291
3/18/2014,15.322
3/22/2014,16.235
3/26/2014,14.089
3/30/2014,14.682
4/3/2014,13.008
4/7/2014,13.753
4/11/2014,11.861
4/15/2014,13.053
4/19/2014,12.981
4/23/2014,14.252
4/27/2014,12.376
5/1/2014,12.778
5/5/2014,10.938
5/9/2014,15.15
5/13/2014,13.296
5/17/2014,15.026
5/21/2014,13.347
5/25/2014,14.319
5/29/2014,12.399
6/2/2014,17.45
6/6/2014,14.449
6/10/2014,18.762
6/14/2014,12.248
6/18/2014,2.745
6/22/2014,16.847
6/26/2014,16.369
6/30/2014,14.461
7/4/2014,13.516
7/8/2014,10.041
7/12/2014,1.923
7/16/2014,4.412
7/20/2014,13.549
7/24/2014,14.406
7/28/2014,17.261
8/1/2014,8.409
8/5/2014,6.572
8/9/2014,6.111
8/13/2014,6.218
8/17/2014,12.711
8/21/2014,24.973
8/25/2014,15.125
8/29/2014,24.164
9/2/2014,18.132
9/6/2014,19.822
9/10/2014,13.07
9/14/2014,30.632
9/18/2014,27.407
9/22/2014,21.778
9/26/2014,29.757
9/30/2014,31.249
10/4/2014,23.402
10/8/2014,26.079
10/12/2014,23.093
10/16/2014,24.946
10/20/2014,23.76
10/24/2014,19.518
10/28/2014,23.114
11/1/2014,20.362
11/5/2014,22.106
11/9/2014,21.816
11/13/2014,21.907
11/17/2014,18.27
11/21/2014,17.419
11/25/2014,15.016
11/29/2014,14.694
12/3/2014,13.128
12/7/2014,12.848
12/11/2014,11.4
12/15/2014,13.47
12/19/2014,12.476
12/23/2014,12.65
12/27/2014,11.507
12/31/2014,11.887
1/1/2015,8.592
1/5/2015,12.672
1/9/2015,12.169
1/13/2015,13.121
1/17/2015,13.398
1/21/2015,11.17
1/25/2015,12.436
1/29/2015,14.702
2/2/2015,11.579
2/6/2015,12.714
2/10/2015,17.405
2/14/2015,16.442
2/18/2015,18.571
2/22/2015,13.746
2/26/2015,8.793
3/2/2015,15.235
3/6/2015,18.175
3/10/2015,13.143
3/14/2015,15.543
3/18/2015,17.712
3/22/2015,17.354
3/26/2015,12.718
3/30/2015,13.5
4/3/2015,15.369
4/7/2015,21.285
4/11/2015,14.735
4/15/2015,11.3
4/19/2015,16.599
4/23/2015,13.1
4/27/2015,14.138
5/1/2015,19.516
5/5/2015,18.333
5/9/2015,17.931
5/13/2015,17.101
5/17/2015,16.537
5/21/2015,18.942
5/25/2015,17.269
5/29/2015,15.945
6/2/2015,15.695
6/6/2015,20.235
6/10/2015,14.874
6/14/2015,13.581
6/18/2015,13.527
6/22/2015,13.18
6/26/2015,15.215
6/30/2015,10.709
7/4/2015,17.165
7/8/2015,5.43
7/12/2015,14.877
7/16/2015,9.635
7/20/2015,8.703
7/24/2015,25.505
7/28/2015,19.742
8/1/2015,12.054
8/5/2015,14.849
8/9/2015,33.669
8/13/2015,11.885
8/17/2015,16.575
8/21/2015,18.568
8/25/2015,26.145
8/29/2015,23.973
9/2/2015,36.086
9/6/2015,22.17
9/10/2015,26.963
9/14/2015,18.038
9/18/2015,18.44
9/22/2015,24.503
9/26/2015,27.425
9/30/2015,28.653
10/4/2015,26.189
10/8/2015,25.077
10/12/2015,19.697
10/16/2015,14.036
10/20/2015,18.677
10/24/2015,21.505
10/28/2015,18.909
11/1/2015,21.305
11/5/2015,16.511
11/9/2015,19.691
11/13/2015,20.317
11/17/2015,19.994
11/21/2015,15.657
11/25/2015,13.27
11/29/2015,15.133
12/3/2015,12.486
12/7/2015,10.676
12/11/2015,11.436
12/15/2015,11.745
12/19/2015,11.924
12/23/2015,10.281
12/27/2015,10.767
12/31/2015,10.932
1/1/2016,10.538
1/5/2016,10.855
1/9/2016,10.184
1/13/2016,10.501
1/17/2016,8.76
1/21/2016,10.714
1/25/2016,11
1/29/2016,11.035
2/2/2016,12.66
2/6/2016,9.664
2/10/2016,13.428
2/14/2016,16.041
2/18/2016,10.732
2/26/2016,11.874
3/1/2016,16.483
3/5/2016,12.69
3/9/2016,13.772
3/13/2016,11.556
3/17/2016,15.704
3/21/2016,12.789
3/25/2016,16.164
3/29/2016,11.417
4/2/2016,11.527
4/6/2016,12.091
4/10/2016,15.286
4/14/2016,10.294
4/18/2016,10.403
4/22/2016,11.309
4/26/2016,14.794
4/30/2016,10.5
5/4/2016,5.788
5/8/2016,9.964
5/12/2016,14.233
5/16/2016,12.046
5/20/2016,10.38
5/24/2016,16.128
5/28/2016,17.431
6/1/2016,7.43
6/5/2016,17.684
6/9/2016,14.771
6/13/2016,15.136
6/17/2016,5.312
6/21/2016,2.13
6/25/2016,10.946
6/29/2016,10.747
7/3/2016,2.007
7/7/2016,16.364
7/11/2016,6.019
7/15/2016,15.443
7/19/2016,5.275
7/23/2016,8.13
7/27/2016,5.37
7/31/2016,27.771
8/4/2016,11.253
8/8/2016,8.078
8/12/2016,21.01
8/16/2016,19.299
8/20/2016,28.876
8/24/2016,38.032
8/28/2016,29.926
9/1/2016,17.775
9/5/2016,11.529
9/9/2016,10.495
9/13/2016,16.225
9/17/2016,26.301
9/21/2016,13.184
9/25/2016,21.139
9/29/2016,29.117
10/3/2016,17.943
10/7/2016,18.74
10/11/2016,31.508
10/15/2016,24.692
10/19/2016,25.986
10/23/2016,21.988
10/27/2016,25.95
10/31/2016,20.9
11/4/2016,23.39
11/8/2016,19.506
11/12/2016,20.731
11/16/2016,20.113
11/20/2016,20.536
11/24/2016,15.294
11/28/2016,12.897
12/2/2016,13.501
12/6/2016,13.15
12/10/2016,12.452
12/14/2016,11.927
12/18/2016,12.534
12/22/2016,12.436
12/26/2016,11.548
12/30/2016,12.563
1/1/2017,11.756
1/5/2017,11.744
1/9/2017,11.54
1/13/2017,11.763
1/17/2017,11.242
1/21/2017,10.736
1/25/2017,13.39
1/29/2017,12.914
2/2/2017,12.403
2/6/2017,14.551
2/10/2017,15.111
2/14/2017,15.449
2/18/2017,14.808
2/22/2017,15.145
2/26/2017,15.049
3/2/2017,16.064
3/6/2017,13.58
3/10/2017,14.273
3/14/2017,14.988
3/18/2017,15.746
3/22/2017,13.67
3/26/2017,13.313
3/30/2017,14.662
4/3/2017,11.532
4/7/2017,13.324
4/11/2017,11.938
4/15/2017,13.638
4/19/2017,10.686
4/23/2017,15.042
4/27/2017,13.138
5/1/2017,18.28
5/5/2017,12.599
5/9/2017,17.574
5/13/2017,15.705
5/17/2017,17.674
5/21/2017,15.384
5/25/2017,14.828
5/29/2017,14.96
6/2/2017,18.599
6/6/2017,11.908
6/10/2017,23.754
6/14/2017,17.891
6/18/2017,15.265
6/22/2017,13.572
6/26/2017,16.449
6/30/2017,5.638
7/4/2017,14.493
7/8/2017,1.917
7/12/2017,14.253
7/16/2017,22.083
7/20/2017,10.081
7/24/2017,16.303
7/28/2017,18.759
8/1/2017,12.848
8/5/2017,20.264
8/9/2017,1.434
8/13/2017,6.572
8/17/2017,6.858
8/21/2017,4.246
8/25/2017,4.501
8/29/2017,33.323
9/2/2017,18.907
9/6/2017,36.696
9/10/2017,31.953
9/14/2017,29.07
9/18/2017,8.051
9/22/2017,15.825
9/26/2017,20.302
9/30/2017,16.737
10/4/2017,30.477
10/8/2017,23.68
10/12/2017,26.631
10/16/2017,21.262
10/20/2017,24.23
10/24/2017,21.232
10/28/2017,17.795
11/1/2017,19.57
11/5/2017,22.279
11/9/2017,19.516
11/13/2017,17.686
11/17/2017,15.695
11/21/2017,17.942
11/25/2017,17.074
11/29/2017,13.431
12/3/2017,8.558
12/7/2017,13.762
12/11/2017,12.707
12/15/2017,12.895
12/19/2017,11.423
12/23/2017,12.7
12/27/2017,11.831
12/31/2017,12.476
1/1/2018,12.383
1/5/2018,12.424
1/9/2018,12.097
1/13/2018,10.548
1/17/2018,11.476
1/21/2018,13.416
1/25/2018,11.662
1/29/2018,12.767
2/2/2018,14.236
2/6/2018,13.421
2/10/2018,12.655
2/14/2018,12.269
2/18/2018,16.87
2/22/2018,13.243
2/26/2018,16.993
3/2/2018,11.495
3/6/2018,15.416
3/10/2018,13.254
3/14/2018,14.291
3/18/2018,12.953
3/22/2018,14.712
3/26/2018,13.522
3/30/2018,7.977
4/3/2018,10.436
4/7/2018,10.948
4/11/2018,13.444
4/15/2018,15.809
4/19/2018,13.133
4/23/2018,13.13
4/27/2018,14.255
5/1/2018,10.422
5/5/2018,16.089
5/9/2018,15.077
5/13/2018,16.795
5/17/2018,16.607
5/21/2018,17.171
5/25/2018,17.673
5/29/2018,17.037
6/2/2018,12.577
6/6/2018,12.342
6/10/2018,18.546
6/14/2018,11.854
6/18/2018,24.732
6/22/2018,19.939
6/26/2018,9.379
6/30/2018,10.733
7/4/2018,19.725
7/8/2018,6.552
7/12/2018,7.251
7/16/2018,16.382
7/20/2018,5.44
7/24/2018,6.174
7/28/2018,5.169
8/1/2018,2
8/5/2018,16.808
8/9/2018,7.215
8/13/2018,9.712
8/17/2018,22.922
8/21/2018,2.841
8/25/2018,10.163
8/29/2018,15.597
9/2/2018,30.497
9/6/2018,30.051
9/10/2018,15.757
9/14/2018,24.252
9/18/2018,38.893
9/22/2018,28.397
9/26/2018,22.452
9/30/2018,28.745
10/4/2018,28.071
10/8/2018,24.662
10/12/2018,21.147
10/16/2018,23.033
10/20/2018,19.423
10/24/2018,24.072
10/28/2018,18.035
11/1/2018,19.163
11/5/2018,21.366
11/9/2018,21.387
11/13/2018,17.017
11/17/2018,17.908
11/21/2018,16.987
11/25/2018,12.27
11/29/2018,12.846
12/3/2018,10.912
12/7/2018,12.686
12/11/2018,9.098
12/15/2018,11.107
12/19/2018,12.098
12/23/2018,12.34
12/27/2018,11.368
12/31/2018,10.064
1/1/2019,10.212
1/5/2019,12.103
1/9/2019,11.128
1/13/2019,13.409
1/17/2019,10.973
1/21/2019,10.042
1/25/2019,6.526
1/29/2019,10.862
2/2/2019,13.774
2/6/2019,5.04
2/10/2019,14.818
2/14/2019,13.574
2/18/2019,12.189
2/22/2019,20.605
2/26/2019,11.327
3/2/2019,14.838
3/6/2019,14.526
3/10/2019,18.615
3/14/2019,14.214
3/18/2019,16.635
3/22/2019,15.008
3/26/2019,17.32
3/30/2019,15.523
4/3/2019,13.741
4/7/2019,14.112
4/11/2019,18.656
4/15/2019,14.706
4/19/2019,16.538
4/23/2019,12.796
4/27/2019,24.028
5/1/2019,15.535
5/5/2019,21.598
5/9/2019,15.135
5/13/2019,14.961
5/17/2019,14.702
5/21/2019,17.95
5/25/2019,14.034
5/29/2019,16.553
6/2/2019,16.255
6/6/2019,16.78
6/10/2019,15.341
6/14/2019,17.728
6/18/2019,11.668
6/22/2019,14.151
6/26/2019,20.395
6/30/2019,12.981
7/4/2019,7.447
7/8/2019,2.577
7/12/2019,13.365
7/16/2019,21.971
7/20/2019,20.874
7/24/2019,6.85
7/28/2019,6.965
8/1/2019,12.316
8/5/2019,10.725
8/9/2019,24.368
8/13/2019,6.671
8/17/2019,10.019
8/21/2019,13.066
8/25/2019,33.144
8/29/2019,12.02
9/2/2019,19.943
9/6/2019,31.648
9/10/2019,12.819
9/14/2019,7.88
9/18/2019,21.22
9/22/2019,2.352
9/26/2019,20.126
9/30/2019,17.358
10/4/2019,23.811
10/8/2019,28.401
10/12/2019,29.612
10/16/2019,23.27
10/20/2019,27.145
10/24/2019,24.315
10/28/2019,21.098
11/1/2019,21.85
11/5/2019,23.404
11/9/2019,21.902
11/13/2019,19.154
11/17/2019,19.155
11/21/2019,15.595
11/25/2019,18.623
11/29/2019,16.141
12/3/2019,13.3
12/7/2019,14.091
12/11/2019,12.046
12/15/2019,15.704
12/19/2019,13.349
12/23/2019,13.831
12/27/2019,14.289
12/31/2019,9.318
1/1/2020,3.653
1/5/2020,12.524
1/9/2020,13.336
1/13/2020,12.544
1/17/2020,10.667
1/21/2020,12.179
1/25/2020,14.214
1/29/2020,13.038
2/2/2020,10.896
2/6/2020,13.935
2/10/2020,16.76
2/14/2020,16.825
2/18/2020,14.697
2/22/2020,16.312
2/26/2020,14.399
3/1/2020,16.758
3/5/2020,11.757
3/9/2020,16.563
3/13/2020,16.37
3/17/2020,18.49
3/21/2020,12.764
3/25/2020,16.61
3/29/2020,21.595
4/2/2020,17.52
4/6/2020,23.839
4/10/2020,16.629
4/14/2020,17.103
4/18/2020,14.886
4/22/2020,14.273
4/26/2020,10.689
4/30/2020,12.476
5/4/2020,11.988
5/8/2020,15.472
5/12/2020,17.517
5/16/2020,26.543
5/20/2020,19.141
5/24/2020,25.524
5/28/2020,15.553
6/1/2020,20.934
6/5/2020,14.017
6/9/2020,14.619
6/13/2020,8.398
6/17/2020,4.792
6/21/2020,9.869
6/25/2020,11.391
6/29/2020,9.663
7/3/2020,13.226
7/7/2020,3.765
7/11/2020,7.911
7/15/2020,5.105
7/19/2020,31.599
7/23/2020,10.75
7/27/2020,7
7/31/2020,6.562
8/4/2020,42.124
8/8/2020,8.066
8/12/2020,19.356
8/16/2020,10.162
8/20/2020,11.151
8/24/2020,7.17
8/28/2020,15.144
9/1/2020,13.908
9/5/2020,19.051
9/9/2020,8.984
9/13/2020,16.948
9/17/2020,14.065
9/21/2020,26.413
9/25/2020,29.387
9/29/2020,24.135
10/3/2020,29.175
10/7/2020,26.813
10/11/2020,25.818
10/15/2020,23.854
10/19/2020,23.158
10/23/2020,22.863
10/27/2020,21.194
10/31/2020,16.628
11/4/2020,20.931
11/8/2020,21.945
11/12/2020,22.952
11/16/2020,18.478
11/20/2020,18.722
11/24/2020,18.548
11/28/2020,14.269
12/2/2020,12.691
12/6/2020,12.903
12/10/2020,14.217
12/14/2020,13.088
12/18/2020,11.509
12/22/2020,11.876
12/26/2020,13.055
12/30/2020,11.947
1/1/2021,11.371
1/5/2021,10.855
1/9/2021,12.22
1/13/2021,12.228
1/17/2021,11.594
1/21/2021,10.562
1/25/2021,10.997
1/29/2021,12.711
2/2/2021,14.681
2/6/2021,12.309
2/10/2021,11.197
2/14/2021,13.643
2/18/2021,15.618
2/22/2021,11.292
2/26/2021,14.572
3/2/2021,12.858
3/6/2021,11.54
3/10/2021,11.166
3/14/2021,14.714
3/18/2021,11.391
3/22/2021,9.593
3/26/2021,12.408
3/30/2021,12.831
4/3/2021,13.113
4/7/2021,12.149
4/11/2021,10.338
4/15/2021,10.43
4/19/2021,10.992
4/23/2021,12.371
4/27/2021,11.369
5/1/2021,9.528
5/5/2021,12.468
5/9/2021,12.299
5/13/2021,14.12
5/17/2021,5.307
5/21/2021,18.906
5/25/2021,11.577
5/29/2021,6.863
6/2/2021,22.151
6/6/2021,28.948
6/10/2021,12.063
6/14/2021,
6/18/2021,4.204
6/22/2021,18.343
6/26/2021,13.304
6/30/2021,15.898
7/4/2021,11.723
7/8/2021,4.347
7/12/2021,18.7
7/16/2021,5.909
7/20/2021,15.812
7/24/2021,28.461
7/28/2021,5.435
8/1/2021,12.03
8/5/2021,16.958
8/9/2021,1.036
8/13/2021,12.031
8/17/2021,14.73
8/21/2021,14.347
8/25/2021,22.648
8/29/2021,25.784
9/2/2021,12.066
9/6/2021,13.634
9/10/2021,30.006
9/14/2021,9.811
9/18/2021,24.507
9/22/2021,10.812
9/26/2021,31.359
9/30/2021,28.558
10/4/2021,25.129
10/8/2021,28.495
10/12/2021,28.269
10/16/2021,21.539
10/20/2021,8.861
10/24/2021,27.273
10/28/2021,26.573
11/1/2021,24.744
11/5/2021,20.039
11/9/2021,23.885
11/13/2021,23.122
11/17/2021,10.225
11/21/2021,20.487
11/25/2021,15.58
11/29/2021,14.055
12/3/2021,14.745
12/7/2021,14.299
12/11/2021,14.6
12/15/2021,15.554
12/19/2021,14.195
12/23/2021,12.774
12/27/2021,12.034
12/31/2021,15.313
1/1/2022,14.234
1/5/2022,13.279
1/9/2022,13.112
1/13/2022,15.445
1/17/2022,12.827
1/21/2022,9.597
1/25/2022,13.011
1/29/2022,14.457
2/2/2022,13.953
2/6/2022,13.888
2/10/2022,16.488
2/14/2022,18.769
2/18/2022,15.574
2/22/2022,17.517
2/26/2022,15.796
3/2/2022,22.129
3/6/2022,15.4
3/10/2022,18.477
3/14/2022,15.166
3/18/2022,19.453
3/22/2022,15.335
3/26/2022,17.214
3/30/2022,16.16
4/15/2022,15.605
4/19/2022,16.748
4/23/2022,15.243
4/27/2022,15.553
5/1/2022,13.531
5/5/2022,12.561
5/9/2022,15.851
5/13/2022,18.025
5/17/2022,16.807
5/21/2022,13.365
5/25/2022,18.377
5/29/2022,15.958
6/2/2022,18.729
6/6/2022,16.708
6/10/2022,21.111
6/14/2022,21.869
6/18/2022,17.87
6/22/2022,12.772
6/26/2022,4.955
6/30/2022,10.644
7/4/2022,19.717
7/8/2022,9.706
7/12/2022,19.014
7/16/2022,21.743
7/20/2022,16.402
7/24/2022,17.226
7/28/2022,5.395
8/1/2022,6.39
8/5/2022,15.545
8/9/2022,30.381
8/13/2022,15.998
8/17/2022,13.696
8/21/2022,25.036
8/25/2022,8.889
8/29/2022,7.868
9/2/2022,13.973
9/6/2022,8.399
9/10/2022,17.986
9/14/2022,7.941
9/18/2022,19.733
9/22/2022,9.109
9/26/2022,25.028
9/30/2022,34.844
10/4/2022,9.256
10/8/2022,
10/20/2022,
10/24/2022,24.445
10/28/2022,25.228
11/1/2022,30.285
11/5/2022,23.34
11/9/2022,21.901
11/13/2022,24.72
11/17/2022,19.652
11/21/2022,18.976
11/25/2022,18.222
11/29/2022,16.57
12/3/2022,17.488
12/7/2022,15.027
12/11/2022,15.311
12/15/2022,14.432
12/19/2022,14.779
12/23/2022,14.929
12/27/2022,15.298
12/31/2022,14.347
1/1/2023,14.568
1/5/2023,13.384
1/9/2023,13.279
1/13/2023,12.206
1/17/2023,13.415
1/21/2023,13.008
1/25/2023,12.601
1/29/2023,11.539
2/2/2023,13.338
2/6/2023,11.803
2/10/2023,13.571
2/14/2023,15.662
2/18/2023,15.014
2/22/2023,14.042
2/26/2023,13.856
3/2/2023,14.387
3/6/2023,11.815
3/10/2023,17.186
3/14/2023,13.558
3/18/2023,6.827
3/22/2023,14.001
3/26/2023,15.304
3/30/2023,14.479
4/3/2023,16.254
4/7/2023,15.762
4/11/2023,15.222
4/15/2023,13.413
4/19/2023,13.584
4/23/2023,14.683
4/27/2023,12.581
5/1/2023,22.776
5/5/2023,20.45
5/9/2023,13.732
5/13/2023,17.912
5/17/2023,20.632
5/21/2023,13.825
5/25/2023,12.571
5/29/2023,20.384
6/2/2023,13.674
6/6/2023,15.145
6/10/2023,20.652
6/14/2023,15.323
6/18/2023,12.659
6/22/2023,12.377
6/26/2023,8
6/30/2023,4.874
7/4/2023,11.157
7/8/2023,11.6
7/12/2023,7.501
7/16/2023,11.527
7/20/2023,20.377
7/24/2023,
7/28/2023,24.726
8/1/2023,13.263
8/5/2023,6.923
8/9/2023,16.192
8/13/2023,14.527
8/17/2023,19.331
8/21/2023,1
8/25/2023,28.914
8/29/2023,18.967
9/2/2023,30.759
9/6/2023,5.855
9/10/2023,8.828
9/14/2023,30.136
9/18/2023,27.668
9/22/2023,4.902
9/26/2023,24.504
9/30/2023,24.233
10/4/2023,20.993
10/8/2023,33.382
10/12/2023,28.847
10/16/2023,25.228
10/20/2023,28.919
10/24/2023,29.895
10/28/2023,27.763
11/1/2023,24.042
11/5/2023,29.2
11/9/2023,26.194
11/13/2023,22.856
11/17/2023,20.146
11/21/2023,18.067
11/25/2023,11.615
11/29/2023,18.571
12/3/2023,17.308
12/7/2023,15.384
12/11/2023,18.336
12/15/2023,16.959
12/19/2023,13.077
12/23/2023,16.588
12/27/2023,15.491
12/31/2023,15.105
1/1/2024,15.398
1/5/2024,14.933
1/9/2024,16.208
1/13/2024,14.936
1/17/2024,13.861
1/21/2024,13.673
1/25/2024,16.713
1/29/2024,13.713
2/2/2024,
2/6/2024,15.78
2/10/2024,12.357
2/14/2024,13.236
2/18/2024,12.645
2/22/2024,16.099
2/26/2024,14.151
3/1/2024,9.257
3/5/2024,15.98
3/9/2024,16.749
3/13/2024,17.902
3/17/2024,13.419
3/21/2024,11.896
3/25/2024,14.866
3/29/2024,14.057
4/2/2024,11.579
4/6/2024,14.323
4/10/2024,13.521
4/14/2024,7.903
4/18/2024,13.785
4/22/2024,12.3
4/26/2024,12.855
4/30/2024,11.916
5/4/2024,11.153
5/8/2024,8.231
5/12/2024,9.479
5/16/2024,12.958
5/20/2024,11.261
5/24/2024,13.501
5/28/2024,15.833
6/1/2024,18.187
6/5/2024,17.477
6/9/2024,13.042
6/13/2024,15.922
6/17/2024,13.88
6/21/2024,5.429
6/25/2024,5.217
6/29/2024,12.354
7/3/2024,
7/7/2024,5.263
7/11/2024,20.763
7/15/2024,9.6
7/19/2024,9.781
7/23/2024,8.312
7/27/2024,10.286
7/31/2024,12.579
8/4/2024,6.887
8/8/2024,16.487
8/12/2024,34.08
8/16/2024,9.038
8/20/2024,16.53
8/24/2024,13.959
8/28/2024,27.44
9/1/2024,13.284
9/5/2024,33.729
9/9/2024,24.723
9/13/2024,26.095
9/17/2024,30.804
9/21/2024,31.862
9/25/2024,3.305
9/29/2024,19.913
10/3/2024,20.888
10/7/2024,29.98
10/11/2024,28.754
10/15/2024,27.101
10/19/2024,29.28
10/23/2024,22.195
10/27/2024,25.766
10/31/2024,22.76
11/4/2024,19.653
11/8/2024,21.848
11/12/2024,21.863
11/16/2024,17.119
11/20/2024,20.176
11/24/2024,16.064
11/28/2024,16.443
12/2/2024,17.212
12/6/2024,16.362
12/10/2024,17.815
12/14/2024,16.881
12/18/2024,14.662
12/22/2024,15.22
12/26/2024,15.065
12/30/2024,15.678
